X,Y,Name,description
75.7861919,30.8787931
75.8408333,30.9158333
